{
  "display": {
    "title": "interactive-text",
    "favicon": "favicon_asset"
  },
  "owner": "",
  "contact": {
    "name": "author-name",
    "email": ""
  },
  "main": "bin/game.js",
  "tags": [],
  "scene": {
    "parcels": [
      "0,0",
      "0,1",
      "0,2",
      "0,3",
      "0,4",
      "0,5",
      "0,6",
      "0,7",
      "1,0",
      "1,1",
      "1,2",
      "1,3",
      "1,4",
      "1,5",
      "1,6",
      "1,7",
      "2,0",
      "2,1",
      "2,2",
      "2,3",
      "2,4",
      "2,5",
      "2,6",
      "2,7",
      "3,0",
      "3,1",
      "3,2",
      "3,3",
      "3,4",
      "3,5",
      "3,6",
      "3,7"
    ],
    "base": "0,0"
  },
  "communications": {
    "type": "webrtc",
    "signalling": "https://signalling-01.decentraland.org"
  },
  "policy": {
    "contentRating": "E",
    "fly": true,
    "voiceEnabled": true,
    "blacklist": [],
    "teleportPosition": ""
  },
  "source": {
    "origin": "builder",
    "projectId": "262dc96e-1c2d-4ddb-8b15-ee8d17c26527"
  }
}